{"cameraMode":{"drawMode":0,"name":"Shaded","section":"Shading Mode"},"sceneLighting":true,"audioPlay":false,"sceneViewState":{"showFog":true,"showMaterialUpdate":false,"showSkybox":true,"showFlares":true,"showImageEffects":true,"showParticleSystems":true},"in2DMode":false,"pivot":{"x":-0.06300878524780274,"y":7.381304740905762,"z":-9.516335487365723},"rotation":{"x":-0.031522948294878009,"y":0.9564319849014282,"z":-0.11271622031927109,"w":-0.2674809992313385},"size":6.71540641784668,"orthographic":false}