{"cameraMode":{"drawMode":0,"name":"Shaded","section":"Shading Mode"},"sceneLighting":true,"audioPlay":false,"sceneViewState":{"showFog":true,"showMaterialUpdate":true,"showSkybox":true,"showFlares":true,"showImageEffects":true,"showParticleSystems":true},"in2DMode":false,"pivot":{"x":-0.7079367637634277,"y":0.8575186729431152,"z":0.5224366188049316},"rotation":{"x":-0.07346198707818985,"y":0.5368297100067139,"z":-0.04698134586215019,"w":-0.8391962647438049},"size":2.3926048278808595,"orthographic":false}