{"cameraMode":{"drawMode":0,"name":"Shaded","section":"Shading Mode"},"sceneLighting":true,"audioPlay":false,"sceneViewState":{"showFog":true,"showMaterialUpdate":false,"showSkybox":true,"showFlares":true,"showImageEffects":true,"showParticleSystems":true},"in2DMode":false,"pivot":{"x":0.637932300567627,"y":9.03417682647705,"z":-6.252374649047852},"rotation":{"x":-0.05217677354812622,"y":0.8940936923027039,"z":-0.1080884337425232,"w":-0.4315623342990875},"size":3.937124013900757,"orthographic":false}