{"count":1,"self":132.8287488,"total":1128.7599658,"children":{"InitializeActuators":{"count":1,"self":0.0019871999999999997,"total":0.0019871999999999997,"children":null},"InitializeSensors":{"count":1,"self":0.0016853999999999999,"total":0.0016853999999999999,"children":null},"AgentSendState":{"count":376017,"self":1.3292770999999999,"total":5.1870164999999995,"children":{"CollectObservations":{"count":188009,"self":1.0281514,"total":1.0281514,"children":null},"WriteActionMask":{"count":188009,"self":0.146833,"total":0.146833,"children":null},"RequestDecision":{"count":188009,"self":0.7178775,"total":2.682755,"children":{"AgentInfo.ToProto":{"count":188009,"self":0.66458169999999994,"total":1.9648774999999998,"children":{"GenerateSensorData":{"count":188009,"self":1.3002958,"total":1.3002958,"children":null}}}}}}},"DecideAction":{"count":376017,"self":987.62659839999992,"total":987.6265793,"children":null},"AgentAct":{"count":376017,"self":3.1125556,"total":3.1129469999999997,"children":{"AgentInfo.ToProto":{"count":188,"self":0,"total":0.00039139999999999997,"children":{"GenerateSensorData":{"count":188,"self":0.00039139999999999997,"total":0.00039139999999999997,"children":null}}}}}},"gauges":{"NICO.CumulativeReward":{"count":188,"max":34.55984,"min":-34.40249,"runningAverage":0.228162766,"value":3.35010624,"weightedAverage":0.525171}},"metadata":{"timer_format_version":"0.1.0","start_time_seconds":"1696242855","unity_version":"2022.3.4f1","command_line_arguments":"C:\\Program Files\\Unity\\Hub\\Editor\\2022.3.4f1\\Editor\\Unity.exe -projectpath C:\\Users\\kiwic\\Desktop\\vyskum\\NICO_in_Unity\\NICO\\NICO_unity -useHub -hubIPC -cloudEnvironment production -licensingIpc LicenseClient-kiwic -hubSessionId 9fd44c14-273f-4f0f-9320-17c18b7c79b7 -accessToken xdBYV-TE6VNw7PeJOz3HJjVsb9Z7Pm1qYepMUyqUEdU007f","communication_protocol_version":"1.5.0","com.unity.ml-agents_version":"2.0.1","scene_name":"SampleScene","end_time_seconds":"1696243984"}}